date,^GSPC,^IXIC,^DJI,^RUT,^IRX,^FVX,^TNX,^TYX,CL=F,GC=F,SI=F,HG=F,NG=F,KRW=X,JPYKRW=X,EURKRW=X,JPY=X,EURUSD=X,DX-Y.NYB,^KS11,^KQ11,^N225,^HSI,000001.SS,^STOXX50E,^GDAXI,^FTSE,^VIX,BTC-USD,TLT,HYG
2025-08-27,6481.3999,21590.1406,45565.2305,2373.8,4.06,3.705,4.238,4.913,64.15,3404.6001,38.689,4.4145,2.867,1393.95,9.4529,1622.73,147.462,1.1639,98.23,3187.1599,801.72,42520.2695,25201.7598,3800.3501,5393.0698,24046.2109,9255.5,14.85,111222.0625,82.8564,76.3791
2025-08-28,6501.8599,21705.1602,45636.8984,2378.4099,4.072,3.696,4.207,4.874,64.6,3431.8,39.19,4.4635,2.944,1392.75,9.4535,1620.9399,147.316,1.1648,97.81,3196.3201,798.43,42828.7891,24998.8203,3843.5969,5396.73,24039.9199,9216.7998,14.43,112544.8047,83.4015,76.4168
2025-08-29,6460.2598,21455.5508,45544.8789,2366.4199,4.043,3.699,4.227,4.917,64.01,3473.7,40.2,4.5185,2.997,1384.41,9.4298,1616.1801,146.79,1.1682,97.77,3186.01,796.91,42718.4688,25077.6191,3857.927,5351.73,23902.2109,9187.2998,15.36,108410.8359,82.8086,76.2753
2025-09-02,6415.54,21279.6309,45295.8086,2352.21,4.032,3.743,4.277,4.971,65.59,3549.3999,41.071,4.5695,3.009,1392.9399,9.4705,1630.91,147.084,1.1716,98.4,3172.3501,794.0,42310.4883,25496.5508,3858.1331,5291.04,23487.3301,9116.7002,17.17,111200.5859,82.1924,76.1929
2025-09-03,6448.2598,21497.7305,45271.2305,2349.97,4.018,3.685,4.211,4.892,63.97,3593.2,41.542,4.5585,3.064,1394.5699,9.3827,1622.65,148.548,1.1636,98.14,3184.4199,796.81,41938.8906,25343.4297,3813.5569,5325.0098,23594.8008,9178.0,16.35,111723.2109,83.0947,76.4014
2025-09-04,6502.0801,21707.6895,45621.2891,2379.6101,3.998,3.653,4.176,4.874,63.48,3565.8,40.911,4.488,3.074,1389.63,9.3899,1620.11,147.98,1.166,98.35,3200.8301,805.42,42580.2695,25058.5098,3765.876,5346.71,23770.3301,9216.9004,15.3,110723.6016,83.7282,76.6099
2025-09-05,6481.5,21700.3906,45400.8594,2391.05,3.91,3.583,4.086,4.775,61.87,3613.2,41.074,4.4825,3.048,1392.0601,9.3823,1621.3199,148.375,1.1657,97.77,3205.1201,811.4,43018.75,25417.9805,3812.5139,5318.1499,23596.9805,9208.2002,15.18,110650.9844,85.0048,76.6478
2025-09-08,6495.1499,21798.6992,45514.9492,2394.8899,3.928,3.57,4.046,4.689,62.26,3638.1001,41.426,4.4905,3.09,1385.51,9.3392,1623.6899,148.344,1.1713,97.45,3219.5901,818.6,43643.8086,25633.9102,3826.8411,5362.8101,23807.1309,9221.4004,15.11,112071.4297,86.1374,76.6478
2025-09-09,6512.6099,21879.4902,45711.3398,2381.8201,3.943,3.601,4.074,4.718,62.63,3643.3,40.878,4.501,3.117,1385.72,9.4038,1630.71,147.364,1.1769,97.79,3260.05,824.82,43459.2891,25938.1309,3807.292,5368.8198,23718.4492,9242.5,15.04,111530.5469,85.6479,76.5625
2025-09-10,6532.04,21886.0605,45490.9219,2378.01,3.93,3.582,4.032,4.678,63.67,3643.6001,41.133,4.55,3.029,1387.25,9.4111,1623.5699,147.392,1.1703,97.78,3314.53,833.0,43837.6719,26200.2598,3812.2209,5361.4702,23632.9492,9225.4004,15.35,113955.3594,86.1374,76.6194
2025-09-11,6587.4702,22043.0703,46108.0,2421.53,3.928,3.578,4.011,4.651,62.37,3636.8999,41.697,4.5905,2.934,1387.2,9.4148,1622.91,147.332,1.1703,97.54,3344.2,834.76,44372.5,26086.3203,3875.3091,5386.77,23703.6504,9297.5996,14.71,115507.5391,86.7133,76.8089
2025-09-12,6584.29,22141.0996,45834.2188,2397.0601,3.928,3.625,4.061,4.679,62.69,3649.3999,42.387,4.5885,2.941,1389.5,9.4384,1627.42,147.224,1.1735,97.55,3395.54,847.08,44768.1211,26388.1602,3870.5979,5390.71,23698.1504,9283.2998,14.76,116101.5781,86.339,76.7331
2025-09-15,6615.2798,22348.75,45883.4492,2405.1299,3.9,3.602,4.034,4.656,63.3,3682.2,42.517,4.6555,3.043,1393.7,9.4374,1628.46,147.666,1.1726,97.3,3407.3101,852.69,,26446.5605,3860.5039,5440.3999,23748.8594,9277.0,15.69,115444.875,86.5405,76.9511
2025-09-16,6606.7598,22333.9609,45757.8984,2403.03,3.89,3.583,4.026,4.646,64.52,3688.8999,42.471,4.633,3.103,1385.01,9.3956,1628.9399,147.405,1.1764,96.63,3449.6201,851.84,44902.2695,26438.5098,3861.865,5372.3101,23329.2402,9195.7002,16.36,116843.1875,86.7229,76.8942
2025-09-17,6600.3501,22261.3301,46018.3203,2407.3401,3.868,3.649,4.076,4.675,64.05,3681.8,41.722,4.571,3.1,1377.64,9.4091,1634.35,146.413,1.1871,96.87,3413.3999,845.53,44790.3789,26908.3906,3876.3411,5369.7002,23359.1797,9208.4004,15.72,116468.5078,86.5021,76.8184
2025-09-18,6631.96,22470.7207,46142.4219,2467.7,3.88,3.663,4.104,4.72,63.57,3643.7,41.707,4.541,2.939,1378.6899,9.3861,1629.42,146.891,1.1826,97.35,3461.3,857.11,45303.4297,26544.8496,3831.656,5456.6699,23674.5293,9228.0996,15.7,117137.2031,85.6095,76.989
2025-09-19,6664.3599,22631.4805,46315.2695,2448.77,3.878,3.691,4.139,4.756,62.68,3671.5,42.536,4.569,2.888,1386.75,9.3734,1634.53,147.947,1.1791,97.64,3445.24,863.11,45045.8086,26545.0996,3820.0891,5458.4199,23639.4102,9216.7002,15.45,115688.8594,85.4463,77.0175
2025-09-22,6693.75,22788.9805,46381.5391,2463.3401,3.848,3.696,4.143,4.761,62.64,3740.7,43.799,4.573,2.806,1396.23,9.4282,1639.9301,148.095,1.1737,97.33,3468.6499,874.36,45493.6602,26344.1406,3828.5759,5442.0498,23527.0508,9226.7002,16.1,112748.5078,85.1391,77.0743
2025-09-23,6656.9199,22573.4707,46292.7812,2457.51,3.845,3.677,4.12,4.738,63.41,3780.6001,44.192,4.5845,2.853,1389.39,9.404,1639.39,147.725,1.1801,97.26,3486.1899,872.21,,26159.1191,3821.833,5472.3901,23611.3301,9223.2998,16.64,112014.5,85.7343,77.0175
2025-09-24,6637.9702,22497.8594,46121.2812,2434.98,3.858,3.71,4.147,4.758,64.99,3732.1001,43.777,4.7525,2.858,1391.85,9.4284,1644.0699,147.613,1.1814,97.87,3472.1399,860.94,45630.3086,26518.6504,3853.6421,5464.5601,23666.8105,9250.4004,16.18,113328.6328,85.4079,76.9132
2025-09-25,6604.7202,22384.6992,45947.3203,2411.04,3.883,3.767,4.172,4.752,64.98,3736.8999,44.697,4.7,2.904,1403.65,9.4363,1647.6,148.751,1.1745,98.55,3471.1101,852.48,45754.9297,26484.6797,3853.302,5444.8901,23534.8301,9214.0,16.74,109049.2891,85.4079,76.6952
2025-09-26,6643.7002,22484.0703,46247.2891,2434.3201,3.86,3.77,4.187,4.766,65.72,3775.3,46.221,4.7155,2.835,1408.92,9.4013,1642.97,149.861,1.1663,98.15,3386.05,835.19,45354.9883,26128.1992,3828.106,5499.7002,23739.4707,9284.7998,15.29,109712.8281,85.3311,76.8469
2025-09-29,6661.21,22591.1504,46316.0703,2435.25,3.863,3.741,4.141,4.704,63.45,3820.8999,46.612,4.841,3.267,1408.71,9.4287,1648.35,149.405,1.1708,97.91,3431.21,846.71,45043.75,26622.8809,3862.532,5506.8501,23745.0605,9299.7998,16.12,114400.3828,86.0318,76.9796
2025-09-30,6688.46,22660.0098,46397.8906,2436.48,3.845,3.732,4.148,4.732,62.37,3840.8,46.253,4.805,3.303,1399.33,9.4167,1640.49,148.595,1.1731,97.77,3424.6001,841.99,44932.6289,26855.5605,3882.7771,5529.96,23880.7207,9350.4004,16.28,114056.0859,85.7822,76.9511
2025-10-01,6711.2002,22755.1602,46441.1016,2442.3501,3.845,3.68,4.106,4.715,61.78,3867.5,47.29,4.8305,3.476,1403.15,9.4801,1647.17,147.997,1.1736,97.71,3455.8301,845.34,44550.8516,,,5581.21,24113.6191,9446.4004,16.29,118648.9297,86.0038,77.0949
2025-10-02,6715.3501,22844.0508,46519.7188,2458.49,3.848,3.673,4.088,4.695,60.48,3839.7,46.0,4.898,3.442,1401.8199,9.5306,1644.48,147.083,1.1734,97.85,3549.21,854.25,44936.7305,27287.1191,,5645.8101,24422.5605,9427.7002,16.63,120681.2578,86.2542,77.0663
2025-10-03,6715.79,22780.5098,46758.2812,2476.1799,3.858,3.708,4.119,4.714,60.88,3880.8,47.597,5.058,3.324,1405.63,9.5518,1647.22,147.15,1.1725,97.72,,,45769.5,27140.9199,,5651.71,24378.8008,9491.2998,16.65,122266.5312,86.0905,76.9806
2025-10-06,6740.2798,22941.6699,46694.9688,2486.3501,3.86,3.745,4.162,4.758,61.69,3948.5,48.082,4.987,3.357,1406.0601,9.398,1651.2,149.606,1.1712,98.11,,,47944.7617,26957.7695,,5628.7202,24378.2891,9479.0996,16.37,124752.5312,85.4066,76.9997
2025-10-07,6714.5898,22788.3594,46602.9805,2458.4199,3.843,3.706,4.127,4.726,61.73,3976.6001,47.179,5.048,3.498,1409.92,9.379,1650.6,150.331,1.171,98.58,,,47950.8789,,,5613.6201,24385.7793,9483.5996,17.24,121451.3828,85.8978,76.914
2025-10-08,6753.7202,23043.3809,46601.7812,2483.99,3.843,3.72,4.129,4.724,62.55,4043.3,48.656,5.046,3.333,1414.5699,9.3026,1648.95,152.051,1.1655,98.85,,,47734.9883,26829.4609,,5649.73,24597.1309,9548.9004,16.3,123354.8672,85.9653,76.7997
2025-10-09,6735.1099,23024.6309,46358.4219,2468.8501,3.853,3.741,4.148,4.733,61.51,3946.3,46.85,5.0755,3.269,1422.52,9.3166,1653.49,152.68,1.1632,99.54,,,48580.4414,26752.5898,3933.9719,5625.5601,24611.25,9509.4004,16.43,121705.5859,85.8978,76.5807
2025-10-10,6552.5098,22204.4297,45479.6016,2394.5901,3.853,3.646,4.051,4.634,58.9,3975.8999,46.938,4.8485,3.106,1421.51,9.2929,1643.4301,152.965,1.1566,98.98,3610.6001,859.49,48088.8008,26290.3203,3897.0281,5531.3198,24241.4609,9427.5,21.66,113214.3672,87.2848,76.1331
2025-10-13,6654.7202,22694.6094,46067.5781,2461.4199,3.853,3.646,4.051,4.631,59.49,4108.6001,50.13,5.1005,3.118,1429.03,9.3968,1615.22,152.056,1.1602,99.27,3584.55,860.49,,25889.4805,3889.502,5568.1899,24387.9297,9442.9004,19.03,115271.0781,87.2367,76.6092
2025-10-14,6644.3101,22521.6992,46270.4609,2495.5,3.853,3.604,4.022,4.623,58.7,4138.7002,50.314,4.9805,3.028,1426.0699,9.3494,1648.95,152.434,1.1567,99.05,3561.8101,847.96,46847.3203,25441.3496,3865.229,5552.0498,24236.9395,9452.7998,20.81,113118.6641,87.516,76.695
2025-10-15,6671.0601,22670.0801,46253.3086,2519.75,3.858,3.63,4.046,4.639,58.27,4176.8999,51.073,4.972,3.016,1429.4301,9.4202,1658.13,151.731,1.1602,98.79,3657.28,864.72,47672.6719,25910.5996,3912.209,5605.0298,24181.3691,9424.7998,20.64,110783.1641,87.3234,76.9426
2025-10-16,6629.0698,22562.5391,45952.2383,2467.02,3.853,3.55,3.976,4.583,57.46,4280.2002,53.023,4.958,2.938,1420.09,9.4062,1653.55,150.974,1.1646,98.39,3748.3701,865.41,48277.7383,25888.5098,3916.228,5652.0098,24272.1895,9436.0996,25.31,108186.0391,87.9783,76.6664
2025-10-17,6664.0098,22679.9707,46190.6094,2452.1699,3.832,3.592,4.007,4.603,57.54,4189.8999,49.864,4.9315,3.008,1415.72,9.4304,1655.27,150.12,1.17,98.43,3748.8899,859.54,47582.1484,25247.0996,3839.7549,5607.3901,23830.9902,9354.5996,20.78,106467.7891,87.8435,76.8664
2025-10-20,6735.1299,22990.5391,46706.5781,2499.9099,3.798,3.578,3.986,4.576,57.52,4336.3999,51.119,4.998,3.397,1419.74,9.4063,1653.09,150.9,1.1657,98.59,3814.6899,875.77,49185.5,25858.8301,3863.8931,5680.9302,24258.8008,9403.5996,18.23,110588.9297,88.1806,77.0187
2025-10-21,6735.3501,22953.6699,46924.7383,2487.6899,3.785,3.56,3.963,4.548,57.82,4087.7,47.45,4.93,3.474,1419.74,9.4165,1653.12,150.774,1.1644,98.93,3823.8401,872.5,49316.0586,26027.5508,3916.332,5686.8301,24330.0293,9427.0,17.87,108476.8906,88.6141,76.9044
2025-10-22,6699.3999,22740.4004,46590.4102,2451.55,3.788,3.552,3.953,4.539,58.5,4044.3999,47.461,4.961,3.45,1430.74,9.4184,1659.53,151.893,1.16,98.9,3883.6799,879.15,49307.7891,25781.7695,3913.7581,5639.21,24151.1309,9515.0,18.6,107688.5859,88.6718,76.8283
2025-10-23,6738.4399,22941.8008,46734.6094,2482.6599,3.788,3.597,3.991,4.573,61.79,4125.5,48.482,5.082,3.344,1430.4,9.4127,1660.7,151.954,1.1608,98.94,3845.5601,872.03,48641.6094,25967.9805,3922.4099,5668.3301,24207.7891,9578.5996,17.3,110069.7266,88.065,76.9997
2025-10-24,6791.6899,23204.8691,47207.1211,2513.47,3.763,3.602,3.997,4.585,61.5,4118.3999,48.377,5.0935,3.304,1435.84,9.4082,1667.8101,152.602,1.1618,98.95,3941.5901,883.08,49299.6484,26160.1504,3950.312,5674.5,24239.8906,9645.5996,16.37,111033.9219,88.1035,77.2092
2025-10-27,6875.1602,23637.4609,47544.5898,2520.4399,3.718,3.614,3.997,4.57,61.31,4001.8999,46.562,5.1405,3.442,1436.97,9.3876,1668.72,153.061,1.1632,98.78,4042.8301,902.7,50512.3203,26433.6992,3996.9451,5711.0601,24308.7793,9653.7998,15.79,114119.3281,88.4021,77.3996
2025-10-28,6890.8901,23827.4902,47706.3711,2506.6499,3.72,3.613,3.983,4.547,60.15,3966.2,47.125,5.1405,3.345,1430.97,9.3703,1666.88,152.692,1.1652,98.69,4010.4099,903.3,50219.1797,26346.1406,3988.2241,5704.3501,24278.6309,9696.7002,16.42,112956.1641,88.6333,77.3234
2025-10-29,6890.5898,23958.4707,47632.0,2484.8101,3.73,3.697,4.058,4.6,60.48,3983.7,47.721,5.2335,3.376,1425.97,9.3913,1661.28,151.731,1.1658,99.22,4081.1499,901.59,51307.6484,,4016.3311,5705.8101,24124.2109,9756.0996,16.92,110055.3047,87.7375,77.0854
2025-10-30,6822.3398,23581.1406,47522.1211,2465.95,3.757,3.72,4.093,4.647,60.57,4001.3,48.428,5.078,3.956,1424.01,9.3234,1651.76,152.722,1.1603,99.53,4086.8899,890.86,51325.6094,26282.6895,3986.9009,5699.1802,24118.8906,9760.0996,16.91,108305.5469,87.2271,76.9426
2025-10-31,6840.2002,23724.9609,47562.8711,2479.3799,3.718,3.717,4.101,4.67,60.98,3982.2,47.994,5.0655,4.124,1424.02,9.2524,1647.04,153.9,1.1572,99.8,4107.5,900.42,52411.3398,25906.6504,3954.79,5662.04,23958.3008,9717.2998,17.44,109556.1641,86.967,76.9426
2025-11-03,6851.9702,23834.7207,47336.6797,2471.24,3.783,3.715,4.106,4.689,61.05,4000.3,47.888,5.047,4.266,1427.17,9.2734,1646.46,154.195,1.1528,99.87,4221.8701,914.55,,26158.3594,3976.521,5679.25,24132.4102,9701.4004,17.17,106547.5234,86.7495,76.7033
2025-11-04,6771.5498,23348.6406,47085.2383,2427.3401,3.793,3.701,4.089,4.67,60.56,3947.7,47.13,4.926,4.343,1428.97,9.2662,1645.72,154.204,1.1519,100.22,4121.7402,926.57,51497.1992,25952.4004,3960.186,5660.2002,23949.1094,9715.0,19.0,101590.5234,86.9428,76.7128
2025-11-05,6796.29,23499.8008,47311.0,2464.78,3.788,3.765,4.157,4.736,59.6,3980.3,47.863,4.963,4.232,1439.8101,9.3764,1653.05,153.557,1.1486,100.2,4004.4199,901.89,50212.2695,25935.4102,3969.248,5669.1299,24049.7402,9777.0996,18.01,103891.8359,85.9955,76.7894
2025-11-06,6720.3198,23053.9902,46912.3008,2418.8201,3.763,3.689,4.093,4.688,59.43,3979.8999,47.794,4.9455,4.357,1439.74,9.3448,1654.26,154.073,1.1497,99.73,4026.45,898.17,50883.6797,26485.9004,4007.76,5611.1802,23734.0195,9735.7998,19.5,101301.2891,86.7688,76.8181
2025-11-07,6728.7998,23004.5391,46987.1016,2432.8201,3.757,3.68,4.093,4.7,59.75,3999.3999,48.017,4.938,4.315,1447.9,9.4655,1671.6899,152.948,1.1549,99.6,3953.76,876.81,50276.3711,26241.8301,3997.5559,5566.5298,23569.9609,9682.5996,19.08,103372.4062,86.5852,76.8851
2025-11-10,6832.4302,23527.1699,47368.6289,2455.6499,3.783,3.71,4.11,4.702,60.13,4111.7998,50.177,5.087,4.338,1454.0,9.4519,1669.09,153.817,1.1544,99.62,4073.24,888.35,50911.7617,26649.0605,4018.5969,5664.46,23959.9902,9787.2002,17.6,105996.5938,86.5658,77.1435
2025-11-11,6846.6099,23468.3008,47927.9609,2458.28,3.783,3.719,4.12,4.71,61.04,4106.7998,50.618,5.0485,4.565,1456.09,9.4457,1682.84,154.146,1.1557,99.46,4106.3901,884.27,50842.9297,26696.4102,4002.7581,5725.7002,24088.0605,9899.5996,17.28,102997.4688,86.9622,77.2297
2025-11-12,6850.9199,23406.4609,48254.8203,2450.8,3.778,3.668,4.065,4.661,58.49,4204.3999,53.332,5.0895,4.533,1459.84,9.4743,1690.86,154.075,1.1587,99.48,4150.3901,906.51,51063.3086,26922.7305,4000.1399,5787.3101,24381.4609,9911.4004,17.51,101663.1875,87.1168,77.0765
2025-11-13,6737.4902,22870.3594,47457.2188,2382.98,3.793,3.703,4.112,4.702,58.69,4186.8999,53.074,5.0875,4.646,1468.02,9.4881,1700.9399,154.713,1.1592,99.18,4170.6299,918.37,51281.8281,27073.0293,4029.501,5742.79,24041.6191,9807.7002,20.0,99697.4922,86.4015,76.7607
2025-11-14,6734.1099,22900.5898,47147.4805,2388.23,3.788,3.735,4.148,4.747,60.09,4087.6001,50.59,5.0495,4.566,1468.71,9.4976,1707.99,154.633,1.1632,99.27,4011.5701,897.9,50376.5312,26572.4609,3990.4919,5693.77,23876.5508,9698.4004,19.83,94397.7891,85.9085,76.7798
2025-11-17,6672.4102,22708.0703,46590.2383,2341.3799,3.772,3.721,4.133,4.736,59.91,4068.3,50.625,5.0,4.361,1446.53,9.3562,1674.89,154.585,1.1615,99.59,4089.25,902.67,50323.9102,26384.2793,3972.0349,5640.9399,23590.5195,9675.4004,22.38,92093.875,86.1211,76.6554
2025-11-18,6617.3198,22432.8496,46091.7383,2348.74,3.772,3.694,4.123,4.743,60.74,4061.3,50.45,4.9625,4.371,1461.6899,9.4138,1694.24,155.273,1.1591,99.55,3953.6201,878.7,48702.9805,25930.0293,3939.813,5534.71,23180.5293,9552.2998,24.69,92948.875,86.0921,76.6745
2025-11-19,6642.1602,22564.2305,46138.7695,2347.8899,3.772,3.708,4.133,4.752,59.44,4077.7,50.79,5.008,4.55,1456.55,9.364,1686.46,155.548,1.1581,100.23,3929.51,871.32,48537.6992,25830.6504,3946.7419,5542.0498,23162.9199,9507.4004,23.66,91465.9922,85.9181,76.7128
2025-11-20,6538.7598,22078.0508,45752.2617,2305.1101,3.775,3.673,4.106,4.732,59.14,4056.5,50.247,4.9595,4.474,1466.13,9.3389,1691.4,156.992,1.1541,100.16,4004.8501,891.94,49823.9414,25835.5703,3931.051,5569.9199,23278.8496,9527.7002,26.42,86631.8984,86.2565,76.665
2025-11-21,6602.9902,22273.0801,46245.4102,2369.5901,3.74,3.618,4.063,4.715,58.06,4076.7,49.873,5.0085,4.58,1473.25,9.3625,1698.24,157.369,1.1535,100.18,3853.26,863.95,48625.8789,25220.0195,3834.8911,5515.0898,23091.8691,9539.7002,23.43,85090.6875,86.5175,76.9234
2025-11-24,6705.1201,22872.0098,46448.2695,2414.28,3.73,3.605,4.038,4.678,58.84,4091.8999,50.295,4.962,4.549,1467.73,9.3666,1690.39,156.688,1.1508,100.14,3846.0601,856.44,,25716.5,3836.7649,5528.6699,23239.1797,9534.9004,20.52,88270.5625,87.0105,77.134
2025-11-25,6765.8799,23025.5898,47112.4492,2465.98,3.732,3.565,4.002,4.658,57.95,4139.2002,50.934,4.9995,4.424,1474.86,9.3984,1699.4,156.939,1.152,99.66,3857.78,856.03,48659.5195,25894.5508,3870.0229,5573.9102,23464.6309,9609.5,18.56,87341.8906,87.2328,77.4019
2025-11-26,6812.6099,23214.6895,47427.1211,2486.1201,3.753,3.572,3.998,4.644,58.65,4165.2002,52.916,5.1045,4.558,1464.92,9.3718,1694.59,156.23,1.1565,99.6,3960.8701,877.32,49559.0703,25928.0801,3864.1841,5655.5801,23726.2207,9691.5996,17.19,90518.3672,87.6195,77.4785
2025-11-28,6849.0898,23365.6895,47716.4219,2500.4299,3.697,3.6,4.017,4.665,58.55,4218.2998,56.446,5.1855,4.85,1461.4,9.3503,1694.25,156.284,1.16,99.46,3926.5901,912.67,50253.9102,25858.8906,3888.5959,5668.1699,23836.7891,9720.5,16.35,90919.2656,87.2038,77.5168
2025-12-01,6812.6299,23275.9199,47289.3281,2469.1299,3.693,3.673,4.096,4.744,59.32,4239.2998,58.418,5.219,4.921,1465.62,9.3997,1693.46,155.928,1.1601,99.41,3920.3701,922.38,49303.2812,26033.2598,3914.0061,5667.48,23589.4395,9702.5,17.24,86321.5703,86.1182,77.3774
2025-12-02,6829.3701,23413.6699,47474.4609,2464.98,3.672,3.659,4.086,4.741,58.64,4186.6001,57.983,5.161,4.84,1470.17,9.4506,1706.52,155.557,1.1608,99.36,3994.9299,928.42,49303.4492,26095.0508,3897.7119,5686.1699,23710.8594,9701.7998,16.59,91350.2031,86.1571,77.5216
2025-12-03,6849.7202,23454.0898,47882.8984,2512.1399,3.635,3.624,4.057,4.725,58.95,4199.2998,57.921,5.308,4.995,1467.36,9.4179,1705.4301,155.807,1.1628,98.85,4036.3,932.01,49864.6797,25760.7305,3878.0,5694.5601,23693.7109,9692.0996,16.08,93527.8047,86.3996,77.5889
2025-12-04,6857.1201,23505.1406,47850.9414,2531.1599,3.612,3.682,4.108,4.765,59.67,4211.7998,56.847,5.2915,5.063,1465.03,9.4462,1709.6801,155.107,1.1667,98.99,4028.51,929.83,51028.4219,25935.9004,3875.793,5718.0801,23882.0293,9710.9004,15.78,92141.625,85.9339,77.6466
2025-12-05,6870.3999,23578.1309,47954.9883,2521.48,3.603,3.715,4.139,4.792,60.08,4212.8999,58.422,5.382,5.289,1472.38,9.4909,1714.21,155.142,1.1643,98.99,4100.0498,924.74,50491.8711,26085.0801,3902.8081,5723.9302,24028.1406,9667.0,15.41,89387.7578,85.5362,77.6466
2025-12-08,6846.5098,23545.9004,47739.3203,2520.98,3.618,3.753,4.172,4.816,58.88,4187.2002,57.779,5.3645,4.912,1471.8101,9.4736,1711.8101,155.34,1.164,99.09,4154.8501,927.79,50581.9414,25765.3594,3924.0779,5725.5898,24046.0098,9645.0996,16.66,90640.2031,85.2548,77.4543
2025-12-09,6840.5098,23576.4902,47560.2891,2526.24,3.632,3.78,4.186,4.809,58.25,4206.7002,60.169,5.2405,4.574,1468.51,9.4224,1709.05,155.844,1.1641,99.22,4143.5498,931.35,50655.1016,25434.2305,3909.521,5718.3198,24162.6504,9642.0,16.93,92691.7109,85.3421,77.3678
2025-12-10,6886.6802,23654.1504,48057.75,2559.6101,3.593,3.757,4.164,4.797,58.46,4196.3999,60.379,5.2755,4.595,1467.9301,9.3599,1706.36,156.838,1.1628,98.79,4135.0,935.0,50602.8008,25540.7793,3900.4961,5708.1201,24130.1406,9655.5,15.77,92020.9453,85.672,77.6274
2025-12-11,6901.0,23593.8594,48704.0117,2590.6101,3.568,3.715,4.141,4.79,57.6,4285.5,63.929,5.427,4.231,1469.04,9.4291,1717.99,155.79,1.1701,98.35,4110.6201,934.64,50148.8203,25530.5098,3873.3181,5753.96,24294.6094,9703.2002,14.85,92511.3359,85.5556,77.6178
2025-12-12,6827.4102,23195.1699,48458.0508,2551.46,3.525,3.751,4.194,4.858,57.44,4300.1001,61.362,5.2835,4.113,1470.85,9.4542,1726.0699,155.567,1.1739,98.4,4167.1602,937.34,50836.5508,25976.7891,3889.3459,5720.71,24186.4902,9649.0,15.74,90270.4141,84.731,77.4735
2025-12-15,6816.5098,23057.4102,48416.5586,2530.6699,3.538,3.733,4.182,4.851,56.82,4306.7002,62.94,5.3385,4.012,1472.91,9.4485,1722.61,155.888,1.1738,98.15,4090.5901,938.83,50168.1094,25628.8809,3867.9209,5752.52,24229.9102,9751.2998,16.5,86419.7812,84.7892,77.512
2025-12-16,6800.2598,23111.4609,48114.2617,2519.3,3.545,3.693,4.149,4.824,55.27,4304.5,62.7,5.287,3.886,1467.48,9.4661,1724.27,155.015,1.1755,98.15,3999.1299,916.11,49383.2891,25235.4102,3824.812,5717.8301,24076.8691,9684.7998,16.48,87843.9844,85.2548,77.5601
2025-12-17,6721.4302,22693.3203,47885.9688,2492.3,3.543,3.695,4.151,4.828,55.94,4347.5,66.237,5.3635,4.024,1471.74,9.5084,1728.9399,154.778,1.175,98.37,4056.4099,911.07,49512.2812,25468.7793,3870.2781,5681.6699,23960.5898,9774.2998,17.62,86143.7578,85.1772,77.4639
2025-12-18,6774.7598,23006.3594,47951.8516,2507.8701,3.522,3.66,4.116,4.799,56.15,4339.5,64.592,5.3665,3.908,1474.0,9.4795,1730.16,155.495,1.1742,98.43,3994.51,901.33,49001.5,25498.1309,3876.3711,5741.71,24199.5,9837.7998,16.87,85462.5078,85.5847,77.6755
2025-12-19,6834.5,23307.6191,48134.8906,2529.4299,3.522,3.693,4.151,4.828,56.66,4361.3999,66.845,5.4395,3.984,1474.36,9.4749,1729.0,155.586,1.1726,98.6,4020.55,915.27,49507.2109,25690.5293,3890.448,5760.3501,24288.4004,9897.4004,14.91,88103.3828,85.2652,77.6378
2025-12-22,6878.4902,23428.8301,48362.6797,2558.78,3.528,3.718,4.169,4.842,58.01,4444.6001,67.906,5.4375,3.965,1473.72,9.3458,1730.78,157.676,1.1708,98.29,4105.9302,929.14,50402.3906,25801.7695,3917.364,5743.6899,24283.9707,9866.0,14.08,88490.0156,85.0802,77.7054
2025-12-23,6909.79,23561.8398,48442.4102,2541.1201,3.547,3.734,4.169,4.831,58.38,4482.7998,70.485,5.476,4.408,1476.84,9.4128,1736.46,156.877,1.1766,97.94,4117.3198,919.56,50412.8711,25774.1406,3919.979,5749.2798,24340.0605,9889.2002,14.0,87414.0,85.2165,77.7634
2025-12-24,6932.0498,23613.3105,48731.1602,2548.0801,3.555,3.717,4.136,4.798,58.35,4480.6001,71.031,5.4985,4.242,1478.67,9.4687,1743.59,156.176,1.1796,97.98,4108.6201,915.2,50344.1016,25818.9297,3940.947,,,9870.7002,13.47,87611.9609,85.7327,77.9083
2025-12-26,6929.9399,23593.0996,48710.9688,2534.3501,3.543,3.697,4.136,4.82,56.74,4529.1001,76.486,5.7665,4.366,1446.52,9.2667,1699.55,156.09,1.1785,98.02,4129.6802,919.67,50750.3906,,3963.679,,,,13.6,87301.4297,85.4503,77.8697
2025-12-29,6905.7402,23474.3496,48461.9297,2519.8,3.538,3.677,4.116,4.805,58.08,4325.1001,69.856,5.4905,4.687,1441.33,9.2371,1703.38,156.463,1.1773,98.04,4220.5601,932.59,50526.9219,25635.2305,3965.28,5751.71,24351.1191,9866.5,14.2,87138.1406,85.7717,77.8987
2025-12-30,6896.2402,23419.0801,48367.0586,2500.5901,3.54,3.682,4.13,4.813,57.95,4370.1001,77.374,5.7275,3.972,1434.71,9.1891,1688.46,156.013,1.1773,98.24,4214.1699,925.47,50339.4805,25854.5996,3965.116,5796.2202,24490.4102,9940.7002,14.33,88430.1328,85.5671,77.9759
2025-12-31,6845.5,23241.9902,48063.2891,2481.9099,3.547,3.722,4.163,4.84,57.42,4325.6001,70.134,5.63,3.686,1437.91,9.1935,1688.99,156.413,1.1747,98.28,,,,25630.5391,3968.8401,,,9931.4004,14.95,87508.8281,84.8854,77.8987
2026-01-02,6858.4702,23235.6309,48382.3906,2508.22,3.533,3.739,4.187,4.864,57.32,4314.3999,70.556,5.64,3.618,1443.64,8.9614,1691.49,156.731,1.175,98.42,4309.6299,945.57,,26338.4707,,,24539.3398,9951.0996,14.51,89944.6953,84.7588,77.9373
2026-01-05,6902.0498,23395.8203,48977.1797,2547.9199,3.515,3.71,4.165,4.854,58.32,4436.8999,76.164,5.9245,3.523,1440.48,9.1751,1693.42,156.989,1.1705,98.27,4457.52,957.5,51832.8008,26347.2402,4023.417,5923.6899,24868.6895,10004.5996,14.9,93882.5547,85.1776,78.1402
2026-01-06,6944.8198,23547.1699,49462.0781,2582.8999,3.52,3.72,4.179,4.866,57.13,4482.2002,80.53,6.0105,3.35,1445.5601,9.229,1694.0,156.626,1.1715,98.58,4525.48,955.97,52518.0781,26710.4492,4083.667,5931.79,24892.1992,10122.7002,14.75,93729.0312,85.0023,78.1595
2026-01-07,6920.9302,23584.2793,48996.0781,2575.4199,3.515,3.694,4.138,4.815,55.99,4449.2998,77.135,5.809,3.525,1444.96,9.2219,1688.71,156.68,1.1688,98.68,4551.0601,947.39,51961.9805,26458.9492,4085.772,5923.5698,25122.2598,10048.2002,15.38,91308.0547,85.499,78.1402
2026-01-08,6921.46,23480.0195,49266.1094,2603.9099,3.507,3.736,4.183,4.858,57.76,4449.7002,74.716,5.7465,3.407,1446.14,9.2269,1688.64,156.731,1.1677,98.93,4552.3701,944.06,51117.2617,26149.3105,4082.979,5904.3198,25127.4609,10044.7002,15.45,91027.125,85.0704,78.1981
2026-01-09,6966.2798,23671.3496,49504.0703,2624.22,3.513,3.757,4.171,4.819,59.12,4490.2998,78.884,5.8555,3.169,1450.08,9.2429,1690.29,156.88,1.1658,99.13,4586.3198,947.92,51939.8906,26231.7891,4120.4258,5997.4702,25261.6406,10124.5996,14.49,90513.1016,85.6353,78.2561
2026-01-12,6977.27,23733.9004,49590.1992,2635.6899,3.533,3.767,4.187,4.84,59.5,4604.2998,84.61,5.985,3.409,1455.24,9.2013,1700.13,158.149,1.1624,98.86,4624.79,949.81,,26608.4805,4165.2871,6016.2998,25405.3398,10140.7002,15.12,91192.9922,85.3821,78.2948
2026-01-13,6963.7402,23709.8691,49191.9883,2633.1101,3.56,3.743,4.171,4.828,61.15,4589.2002,85.877,5.97,3.419,1464.9301,9.2721,1708.73,157.986,1.1667,99.13,4692.6401,948.98,53549.1602,26848.4707,4138.7578,6029.8301,25420.6602,10137.4004,15.98,95321.7812,85.5282,78.2948
2026-01-14,6926.6001,23471.75,49149.6289,2651.6399,3.56,3.717,4.14,4.795,62.02,4626.2998,90.869,6.009,3.12,1473.01,9.2536,1715.0601,159.179,1.1643,99.13,4723.1001,942.18,54341.2305,26999.8105,4126.0928,6005.0498,25286.2402,10184.4004,16.75,96929.3281,86.0249,78.2948
2026-01-15,6944.4702,23530.0195,49442.4414,2674.5601,3.565,3.762,4.16,4.787,59.19,4616.2998,91.876,5.948,3.128,1462.9,9.2348,1703.25,158.402,1.1646,99.32,4797.5498,951.16,54110.5,26923.6191,4112.6011,6041.1401,25352.3906,10238.9004,15.84,95551.1875,86.0054,78.2948
2026-01-16,6940.0098,23515.3906,49359.3281,2677.74,3.557,3.828,4.231,4.84,59.44,4588.3999,88.091,5.7885,3.103,1468.84,9.2609,1704.6,158.596,1.1609,99.39,4840.7402,954.59,53936.1719,26844.9609,4101.9131,6029.4502,25297.1309,10235.2998,15.86,95525.1172,85.5087,78.3431
2026-01-20,6796.8599,22954.3203,48488.5898,2645.3601,3.572,3.858,4.295,4.92,60.34,4759.6001,94.206,5.773,3.907,1471.52,9.3023,1713.24,158.177,1.1639,98.64,4885.75,976.37,52991.1016,26487.5098,4113.6489,5892.0801,24703.1191,10126.7998,20.09,88310.9062,84.3887,78.1402
2026-01-21,6875.6201,23224.8203,49077.2305,2698.1699,3.588,3.831,4.253,4.871,60.62,4831.7998,92.21,5.7295,4.875,1477.78,9.3443,1732.22,158.162,1.1728,98.76,4909.9302,951.29,52774.6406,26585.0605,4116.9399,5882.8799,24560.9805,10138.0996,16.9,89376.9609,85.0315,78.3721
2026-01-22,6913.3501,23436.0195,49384.0117,2718.77,3.588,3.847,4.249,4.847,59.36,4908.7998,95.976,5.7425,5.045,1464.83,9.2471,1710.76,158.456,1.1673,98.36,4952.5298,970.35,53688.8906,26629.9609,4122.5762,5956.1699,24856.4707,10150.0996,15.64,89462.4531,85.4016,78.43
2026-01-23,6915.6099,23501.2402,49098.7109,2669.1599,3.582,3.839,4.239,4.833,61.07,4976.2002,100.925,5.911,5.275,1463.26,9.2327,1719.9301,158.501,1.1755,97.6,4990.0698,993.93,53846.8711,26749.5098,4136.1641,5948.2002,24900.7109,10143.4004,16.09,89503.875,85.6353,78.3914
2026-01-26,6950.23,23601.3594,49412.3984,2659.6699,3.575,3.818,4.213,4.805,60.63,5079.7002,115.08,5.984,6.8,1444.8101,9.307,1707.61,155.166,1.1858,97.04,4949.5898,1064.41,52885.25,26765.5195,4132.605,5957.7998,24933.0801,10148.9004,16.15,88267.1406,86.0444,78.43
2026-01-27,6978.6001,23817.0996,49003.4102,2666.7,3.57,3.814,4.223,4.832,62.39,5079.8999,105.523,5.8285,6.954,1440.98,9.3365,1711.54,154.336,1.1876,96.22,5084.8501,1082.59,53333.5391,27126.9492,4139.9038,5994.5898,24894.4395,10207.7998,16.35,89102.5703,85.5087,78.4204
2026-01-28,6978.0298,23857.4492,49015.6016,2653.55,3.582,3.842,4.251,4.86,63.21,5301.6001,113.111,5.8925,7.46,1432.51,9.3962,1723.52,152.453,1.2018,96.45,5170.8101,1133.52,53358.7109,27826.9102,4151.2378,5933.2002,24822.7891,10154.4004,16.35,89184.5703,85.3139,78.2948
2026-01-29,6969.0098,23685.1191,49071.5586,2654.78,3.58,3.805,4.227,4.854,65.42,5318.3999,114.037,6.1755,3.918,1429.27,9.3365,1711.5,153.096,1.1978,96.28,5221.25,1164.41,53375.6016,27968.0898,4157.9839,5891.9502,24309.4609,10171.7998,16.88,84561.5859,85.3334,78.2851
2026-01-30,6939.0298,23461.8203,48892.4688,2613.74,3.572,3.797,4.241,4.872,65.21,4713.8999,78.29,5.897,4.354,1428.76,9.3281,1709.7,153.162,1.1966,96.99,5224.3599,1149.4399,53322.8516,27387.1094,4117.9482,5947.8101,24538.8105,10223.5,17.44,84128.6562,84.8562,78.3721
2026-02-02,6976.4399,23592.1094,49407.6602,2640.28,3.578,3.835,4.275,4.909,62.14,4622.5,76.778,5.8015,3.237,1448.8,9.3332,1726.8,155.202,1.1849,97.61,4949.6699,1098.36,52655.1797,26775.5703,4015.7461,6007.5098,24797.5195,10341.5996,16.34,78688.7656,84.6138,78.4196
2026-02-03,6917.8101,23255.1895,49240.9883,2648.5,3.59,3.837,4.274,4.906,63.21,4903.7002,83.042,6.0625,3.311,1452.54,9.3466,1712.3101,155.443,1.1799,97.44,5288.0801,1144.33,54720.6602,26834.7695,4067.738,5995.3501,24780.7891,10314.5996,18.0,75633.5469,84.819,78.3711
2026-02-04,6882.7202,22904.5801,49501.3008,2624.55,3.595,3.833,4.275,4.915,65.14,4920.3999,84.165,5.826,3.465,1446.6801,9.2857,1709.0601,155.799,1.1816,97.62,5371.1001,1149.4301,54293.3594,26847.3203,4102.2021,5970.4702,24603.0391,10402.2998,18.64,73019.7031,84.604,78.274
2026-02-05,6798.3999,22540.5898,48908.7188,2577.6499,3.578,3.75,4.21,4.862,63.29,4861.3999,76.529,5.799,3.509,1460.11,9.3054,1722.91,156.917,1.1802,97.82,5163.5698,1108.41,53818.0391,26885.2402,4075.917,5925.7002,24491.0605,10309.2002,21.77,62702.0977,85.5229,78.1866
2026-02-06,6932.2998,23031.2109,50115.6719,2670.3401,3.59,3.755,4.206,4.855,63.55,4951.2002,76.735,5.8635,3.422,1470.6801,9.3811,1732.33,156.784,1.1778,97.63,5089.1401,1080.77,54253.6797,26559.9492,4065.583,5998.3999,24721.4609,10369.7998,20.37,70555.3906,85.5816,78.4585
2026-02-09,6964.8198,23238.6699,50135.8711,2689.05,3.593,3.741,4.198,4.848,64.36,5050.8999,82.065,5.945,3.138,1462.4,9.2944,1726.29,157.244,1.1826,96.82,5298.04,1127.55,56363.9414,27027.1602,4123.0898,6059.0098,25014.8691,10386.2002,17.36,70120.7812,85.562,78.5653
2026-02-10,6941.8101,23102.4707,50188.1406,2679.77,3.59,3.699,4.147,4.788,63.96,5003.7998,80.218,5.896,3.115,1458.54,9.3412,1737.08,156.132,1.1904,96.8,5301.6899,1115.2,57650.5391,27183.1504,4128.373,6047.0601,24987.8496,10353.7998,17.79,68793.9609,86.5495,78.4876
2026-02-11,6941.4702,23066.4707,50121.3984,2669.47,3.6,3.741,4.172,4.814,64.63,5071.6001,83.754,5.949,3.159,1455.33,9.4203,1729.83,154.482,1.189,96.83,5354.4902,1114.87,,27266.3809,4131.9849,6035.6401,24856.1504,10472.0996,17.65,66991.9688,86.09,78.4779
2026-02-12,6832.7598,22597.1504,49451.9805,2615.8301,3.598,3.668,4.104,4.731,62.84,4923.7002,75.546,5.771,3.217,1444.1899,9.4225,1714.51,153.269,1.1876,96.93,5522.27,1125.99,57639.8398,27032.5391,4134.0181,6011.29,24852.6895,10402.4004,20.82,66221.8438,87.2338,78.439
2026-02-13,6836.1699,22546.6699,49500.9297,2646.7,3.593,3.609,4.056,4.698,62.89,5022.0,77.851,5.7925,3.243,1440.9,9.4264,1710.4301,152.821,1.1868,96.88,5507.0098,1106.08,56941.9688,26567.1191,4082.073,5985.23,24914.8809,10446.4004,20.6,68857.8438,87.7128,78.4973
2026-02-17,6843.2202,22578.3809,49533.1914,2646.5901,3.593,3.621,4.052,4.683,62.33,4882.8999,73.447,5.633,3.031,1440.23,9.3752,1705.98,153.609,1.185,97.16,,,56566.4883,,,6021.8501,24998.4004,10556.2002,20.29,67494.2188,87.8595,78.4585
2026-02-18,6881.3101,22753.6309,49662.6602,2658.6101,3.603,3.645,4.079,4.706,65.19,4986.5,77.509,5.7935,3.011,1439.97,9.4006,1706.52,153.149,1.1852,97.7,,,57143.8398,,,6103.3701,25278.2109,10686.2002,19.62,66425.3203,87.5271,78.5555
2026-02-19,6861.8901,22682.7305,49395.1602,2665.0901,3.595,3.647,4.075,4.704,66.43,4975.8999,77.565,5.73,2.996,1440.16,9.3091,1696.98,154.693,1.1789,97.93,5677.25,1160.71,57467.8281,,,6059.6201,25043.5703,10627.0,20.23,66957.5234,87.6151,78.5847
2026-02-20,6909.5098,22886.0703,49625.9688,2663.78,3.595,3.65,4.086,4.725,66.39,5059.2998,82.283,5.831,3.047,1447.75,9.3303,1703.74,155.16,1.1769,97.8,5808.5298,1154.0,56825.6992,26413.3496,,6131.3101,25260.6895,10686.9004,19.09,68005.4219,87.4098,78.6429
2026-02-23,6837.75,22627.2695,48804.0586,2620.99,3.588,3.582,4.029,4.696,66.31,5204.7002,86.523,5.773,2.985,1443.4399,9.3569,1700.9399,154.339,1.1835,97.7,5846.0898,1151.99,,27081.9102,,6113.9199,24991.9707,10684.7002,21.01,64616.7383,87.7324,78.5167
2026-02-24,6890.0698,22863.6797,49174.5,2652.3301,3.588,3.598,4.033,4.689,65.63,5155.7998,87.457,5.923,2.915,1442.2,9.3248,1699.5,154.635,1.1794,97.88,5969.6401,1165.0,57321.0898,26590.3203,4117.4092,6116.6001,24986.25,10680.5996,19.55,64080.043,87.8888,78.4585
2026-02-25,6946.1299,23152.0801,49482.1484,2663.3301,3.588,3.619,4.048,4.694,65.42,5206.3999,90.939,5.9795,2.969,1439.99,9.2375,1695.24,155.88,1.1775,97.7,6083.8599,1165.25,58583.1211,26765.7207,4147.23,6173.3198,25175.9395,10806.4004,17.93,67960.125,87.8986,78.5653
2026-02-26,6908.8599,22878.3809,49499.1992,2677.29,3.588,3.583,4.017,4.669,65.21,5176.5,86.998,5.947,2.827,1426.9301,9.1347,1685.37,156.2,1.1815,97.79,6307.27,1188.15,58753.3906,26381.0195,4146.6309,6161.5601,25289.0195,10846.7002,18.63,67453.7734,88.2505,78.4973
2026-02-27,6878.8799,22668.2109,48977.9219,2632.3601,3.578,3.512,3.962,4.633,67.02,5230.5,92.682,6.0045,2.859,1432.3199,9.1907,1689.54,155.859,1.1803,97.61,6244.1299,1192.78,58850.2695,26630.5391,4162.8809,6138.4102,25284.2598,10910.5996,19.86,65881.7969,88.7882,78.3711
2026-03-02,6881.6201,22748.8594,48904.7812,2655.9399,3.59,3.621,4.048,4.698,71.23,5294.3999,88.284,5.8945,2.96,1438.5,9.179,1696.66,156.633,1.1759,98.38,,,58057.2383,26059.8496,4182.5908,5986.9302,24638.0,10780.0996,21.44,68775.8516,87.8966,78.3262
2026-03-03,6816.6299,22516.6895,48501.2695,2608.3601,3.595,3.631,4.056,4.702,74.56,5107.3999,82.923,5.7735,3.054,1452.27,9.2349,1698.17,157.257,1.1697,99.05,5791.9102,1137.7,56279.0508,25768.0801,4122.6758,5771.73,23790.6504,10484.0996,23.57,68293.6484,87.72,78.1701
2026-03-04,6869.5,22807.4805,48739.4102,2636.01,3.595,3.668,4.08,4.716,74.66,5120.2002,82.633,5.855,2.917,1483.0699,9.4006,1723.4,157.773,1.1612,98.77,5093.54,978.44,54245.5391,25249.4805,4082.4741,5870.9199,24205.3594,10567.7002,21.15,72710.5781,87.4454,78.4433
2026-03-05,6830.71,22748.9902,47954.7383,2585.5701,3.588,3.743,4.146,4.752,81.01,5065.2998,81.687,5.753,3.003,1460.75,9.3057,1699.49,156.983,1.1636,99.32,5583.8999,1116.41,55278.0586,25321.3398,4108.5669,5782.8901,23815.75,10413.9004,23.75,70841.125,87.0923,78.1311
2026-03-06,6740.02,22387.6797,47501.5508,2525.3,3.57,3.715,4.133,4.755,90.9,5146.1001,83.816,5.757,3.186,1479.51,9.3927,1717.59,157.534,1.1608,98.99,5584.8701,1154.67,55620.8398,25757.2891,4124.1938,5719.8999,23591.0293,10284.7998,29.49,68136.4922,86.7686,77.7506
2026-03-09,6795.9902,22695.9492,47740.8008,2553.6699,3.593,3.736,4.136,4.74,94.77,5091.5,84.032,5.8005,3.12,1483.89,9.3591,1710.89,158.427,1.1523,99.18,5251.8701,1102.28,52728.7188,25408.4609,4096.603,5685.2002,23409.3691,10249.5,25.5,68402.3828,87.5239,78.2189
2026-03-10,6781.48,22697.0996,47706.5117,2548.0801,3.595,3.715,4.136,4.771,83.45,5229.7002,89.083,5.904,3.02,1464.47,9.2804,1702.2,157.848,1.1617,98.83,5532.5898,1137.6801,54248.3906,25959.9004,4123.1382,5837.1699,23968.6309,10412.2002,24.93,69926.9219,86.592,78.092
2026-03-11,6775.7998,22716.1309,47417.2695,2542.8999,3.6,3.782,4.208,4.857,87.25,5167.3999,85.065,5.8455,3.209,1472.78,9.3135,1709.64,158.114,1.1611,99.23,5609.9502,1136.83,55025.3711,25898.7598,4133.4331,5794.6802,23640.0293,10353.7998,24.23,70204.8828,85.4738,77.9164
2026-03-12,6672.6201,22311.9805,46677.8516,2488.99,3.605,3.884,4.273,4.885,95.73,5115.7998,84.67,5.8245,3.233,1475.34,9.2775,1703.5699,159.075,1.1543,99.74,5583.25,1148.4,54452.9609,25716.7598,4129.103,5748.8901,23589.6504,10305.2002,27.29,70493.4609,85.3071,77.4188
2026-03-13,6632.1899,22105.3594,46558.4688,2480.05,3.603,3.874,4.285,4.908,98.71,5052.5,80.914,5.7145,3.131,1470.58,9.345,1713.39,159.206,1.1522,100.36,5487.2402,1152.96,53819.6094,25465.5996,4095.448,5716.6099,23447.2891,10261.2002,27.19,70968.2656,84.8853,77.2725
2026-03-16,6699.3799,22374.1797,46946.4102,2503.29,3.605,3.803,4.22,4.859,93.5,4994.0,80.263,5.7905,3.023,1501.75,9.4148,1713.86,159.568,1.1435,99.71,5549.8501,1138.29,53751.1484,25834.0195,4084.7859,5739.0098,23564.0098,10317.7002,23.51,74861.0859,85.5425,77.5164
2026-03-17,6716.0898,22479.5293,46993.2617,2519.99,3.605,3.786,4.202,4.852,96.21,5001.0,79.53,5.7265,3.033,1488.91,9.3609,1712.23,159.105,1.15,99.58,5640.48,1136.9399,53700.3906,25868.5391,4049.907,5769.25,23730.9199,10403.5996,22.37,73922.4766,85.7779,77.8676
2026-03-18,6624.7002,22152.4199,46225.1484,2478.6399,3.61,3.862,4.259,4.881,96.32,4889.8999,77.238,5.554,3.065,1484.87,9.3385,1713.12,158.889,1.1539,100.09,5925.0298,1164.38,55239.3984,26025.4199,4062.9839,5736.8501,23502.25,10305.2998,25.09,71245.5781,85.2973,77.4676
2026-03-19,6606.4902,22090.6895,46021.4297,2494.71,3.612,3.919,4.281,4.852,96.14,4600.7002,70.902,5.433,3.166,1505.25,9.4225,1724.4301,159.795,1.1464,99.23,5763.2202,1143.48,53372.5312,25500.5801,4006.552,5613.8301,22839.5605,10063.5,24.06,69912.7891,85.8171,77.7213
2026-03-20,6506.48,21647.6094,45577.4688,2438.45,3.618,4.012,4.391,4.96,98.32,4570.3999,69.36,5.3425,3.095,1489.84,9.4338,1728.95,157.924,1.1578,99.65,5781.2002,1161.52,,25277.3203,3957.053,5501.2798,22380.1895,9918.2998,26.78,70522.5859,84.1889,76.9993
2026-03-23,6581.0,21946.7598,46208.4688,2494.23,3.612,3.95,4.334,4.912,88.13,4404.1001,69.049,5.4395,2.891,1504.21,9.4475,1740.16,159.234,1.156,98.95,5405.75,1096.89,51515.4883,24382.4707,3813.283,5574.3198,22653.8594,9894.2002,26.15,70914.8594,84.7382,77.5067
2026-03-24,6556.3701,21761.8906,46124.0586,2505.4399,3.62,4.03,4.392,4.941,92.35,4399.2998,69.274,5.4225,2.943,1485.36,9.366,1724.58,158.479,1.1607,99.43,5553.9199,1121.4399,52252.2812,25063.7109,3881.28,5581.29,22636.9102,9965.2002,26.95,70517.8594,84.3654,77.2432
2026-03-25,6591.8999,21929.8203,46429.4883,2536.3799,3.62,3.97,4.328,4.897,90.32,4549.7998,72.361,5.529,2.952,1497.3101,9.4286,1739.47,158.718,1.1615,99.6,5642.21,1159.55,53749.6211,25335.9492,3931.8369,5649.3301,22957.0801,10106.7998,25.33,71309.8828,85.1796,77.4871
2026-03-26,6477.1602,21408.0801,45960.1094,2493.3201,3.62,4.095,4.416,4.936,94.48,4375.5,67.671,5.4465,2.999,1500.97,9.4175,1735.1899,159.384,1.1561,99.9,5460.46,1136.64,53603.6484,24856.4297,3889.083,5565.9302,22612.9707,9972.2002,27.44,68791.625,84.4635,76.9993
2026-03-27,6368.8501,20948.3594,45166.6406,2449.7,3.607,4.07,4.44,4.982,99.64,4492.0,69.545,5.467,3.095,1508.36,9.4439,1740.05,159.704,1.1535,100.15,5438.8701,1141.51,53373.0703,24951.8809,3913.7241,5505.7998,22300.75,9967.4004,31.05,66338.375,84.0025,76.8042
2026-03-30,6343.7202,20794.6406,45216.1406,2414.01,3.598,3.979,4.342,4.905,102.88,4526.0,70.324,5.476,2.887,1507.02,9.4046,1736.71,160.234,1.1492,100.51,5277.2998,1107.05,51885.8516,24750.7891,3923.2871,5541.79,22562.8809,10128.0,30.61,66691.4453,85.1207,76.892
2026-03-31,6528.52,21590.6309,46341.5117,2496.3701,3.6,3.945,4.311,4.891,101.38,4647.6001,74.69,5.5875,2.884,1516.13,9.4849,1736.26,159.841,1.146,99.96,5052.46,1052.39,51063.7188,24788.1406,3891.8611,5569.73,22680.0391,10176.5,25.25,68233.3125,85.0324,77.6237
2026-04-01,6575.3198,21840.9492,46565.7383,2512.3701,3.605,3.955,4.319,4.9,100.12,4783.2002,75.867,5.624,2.819,1503.33,9.48,1738.51,158.579,1.1574,99.65,5478.7002,1116.1801,53739.6797,25294.0293,3948.552,5732.71,23298.8906,10364.7998,24.54,68078.5547,84.9487,77.8139
2026-04-02,6582.6899,21879.1797,46504.6719,2530.04,3.607,3.948,4.313,4.89,111.54,4651.5,72.735,5.563,2.8,1512.09,9.5272,1752.59,158.688,1.1591,100.03,5234.0498,1056.34,52463.2695,25116.5293,3919.2849,5692.8599,23168.0801,10436.2998,23.87,66888.5703,85.4707,78.0002
2026-04-06,6611.8301,21996.3398,46669.8789,2540.6399,3.623,3.981,4.335,4.891,112.41,4656.7998,72.661,5.5835,2.811,1509.26,9.4453,1741.24,159.78,1.151,99.98,5450.3301,1047.37,53413.6797,,,,,,24.17,68859.8281,85.3328,78.1374
2026-04-07,6616.8501,22017.8496,46584.4609,2544.95,3.615,3.976,4.343,4.921,112.95,4657.1001,71.826,5.5445,2.87,1507.85,9.4419,1741.25,159.683,1.1541,99.64,5494.7798,1036.73,53429.5586,,3890.165,5633.2202,22921.5898,10348.7998,25.78,71940.7031,85.3229,78.1571
2026-04-08,6782.8101,22634.9902,47909.9219,2620.46,3.6,3.92,4.291,4.887,94.41,4749.5,75.224,5.7595,2.724,1499.13,9.4446,1752.0,158.716,1.1687,99.13,5872.3398,1089.85,56308.4219,25893.0195,3994.998,5913.3701,24080.6309,10608.9004,21.04,71123.3594,85.5987,78.6178
2026-04-09,6824.6602,22822.4199,48185.8008,2636.3101,3.588,3.915,4.293,4.897,97.87,4792.2002,76.277,5.748,2.67,1477.6,9.3133,1723.01,158.642,1.1659,98.82,5778.0098,1076.0,55895.3203,25752.4004,3966.1709,5896.29,23806.9902,10603.5,19.49,71767.8281,85.382,78.7061
2026-04-10,6816.8901,22902.8906,47916.5703,2630.5901,3.593,3.939,4.317,4.914,96.57,4761.8999,76.324,5.8705,2.648,1473.28,9.2593,1722.61,159.112,1.1691,98.65,5858.8701,1093.63,56924.1094,25893.5391,3986.2251,5926.1099,23803.9492,10600.5,19.23,72979.0469,85.1752,78.3923
2026-04-13,6886.2402,23183.7402,48218.25,2670.49,3.603,3.917,4.297,4.9,99.08,4742.3999,75.523,5.976,2.627,1482.1801,9.2813,1741.02,159.68,1.1675,98.37,5808.6201,1099.84,56502.7695,25660.8496,3988.5581,5905.02,23742.4395,10583.0,19.12,74484.6406,85.4313,78.6865
2026-04-14,6967.3799,23639.0801,48535.9883,2705.6699,3.612,3.871,4.256,4.868,91.28,4825.0,79.391,6.0705,2.599,1476.84,9.2759,1736.64,159.214,1.1769,98.12,5967.75,1121.88,57877.3906,25872.3203,4026.625,5984.5098,24044.2207,10609.0996,18.36,74181.6094,85.8843,78.9218
2026-04-15,7022.9502,24016.0195,48463.7188,2713.6599,3.612,3.896,4.282,4.891,91.29,4800.0,79.491,6.072,2.61,1469.42,9.2532,1732.9301,158.792,1.1799,98.06,6091.3901,1152.4301,58134.2383,25947.3203,4027.209,5940.3398,24066.6992,10559.5996,18.17,74805.0781,85.5101,78.8826
2026-04-16,7041.2798,24102.6992,48578.7188,2719.6001,3.61,3.913,4.309,4.929,94.69,4785.3999,78.606,6.0665,2.647,1474.0601,9.2813,1739.41,158.809,1.1809,98.22,6226.0498,1162.97,59518.3398,26394.2598,4055.5471,5933.2798,24154.4707,10590.0,17.94,75152.1328,84.9684,78.7747
2026-04-17,7126.0601,24468.4805,49447.4297,2776.8999,3.6,3.838,4.246,4.885,83.85,4857.6001,81.738,6.1035,2.674,1477.92,9.2833,1740.84,159.195,1.1783,98.1,6191.9199,1170.04,58475.8984,26160.3301,4051.425,6057.71,24702.2402,10667.5996,17.48,77126.875,85.7464,79.0688
2026-04-20,7109.1401,24404.3906,49442.5586,2792.96,3.598,3.85,4.25,4.881,89.61,4806.6001,79.951,6.036,2.689,1465.15,9.2052,1731.1801,159.161,1.1741,98.05,6219.0898,1174.85,58824.8906,26361.0703,4082.127,5982.6299,24417.8008,10609.0996,18.87,75872.5234,85.7267,79.0002
2026-04-21,7064.0098,24259.9609,49149.3789,2764.97,3.598,3.908,4.292,4.898,92.13,4698.3999,76.411,6.0015,2.697,1469.26,9.249,1731.72,158.844,1.1784,98.41,6388.4702,1179.03,59349.1719,26487.4805,4085.0769,5930.25,24270.8691,10498.0996,19.5,76352.7734,85.254,78.7943
2026-04-22,7137.8999,24657.5703,49490.0312,2785.3799,3.595,3.915,4.294,4.902,92.96,4732.5,77.893,6.12,2.722,1485.8,9.3228,1743.92,159.373,1.1744,98.59,6417.9302,1181.12,59585.8594,26163.2402,4106.2578,5906.2202,24194.9004,10476.5,18.92,78203.1016,85.4214,78.9218
2026-04-23,7108.3999,24438.5,49310.3203,2775.1001,3.595,3.952,4.323,4.918,95.85,4705.1001,75.465,6.0755,2.614,1477.96,9.2669,1729.71,159.488,1.1706,98.8,6475.8101,1174.3101,59140.2305,25915.1992,4093.25,5894.73,24155.4492,10457.0,19.31,78268.9531,85.2343,78.7943
2026-04-24,7165.0801,24836.5996,49230.7109,2787.0,3.593,3.92,4.31,4.916,94.4,4722.2998,76.383,6.0235,2.523,1479.95,9.2629,1729.1899,159.747,1.1684,98.51,6475.6299,1203.84,59716.1797,25978.0703,4079.8999,5883.48,24128.9805,10379.0996,18.71,77455.3125,85.3919,78.9022
2026-04-27,7173.9102,24887.0996,49167.7891,2788.1899,3.59,3.947,4.336,4.942,96.37,4675.3999,75.003,6.018,2.55,1474.6899,9.2407,1728.02,159.576,1.1706,98.48,6615.0298,1226.1801,60537.3594,25925.6504,4086.344,5860.3198,24083.5293,10321.0996,18.02,77366.625,84.9684,78.9316
2026-04-28,7138.7998,24663.8008,49141.9297,2756.05,3.59,3.983,4.354,4.944,99.93,4591.5,73.205,5.9145,2.559,1473.0,9.2428,1726.37,159.357,1.1723,98.62,6641.02,1215.58,59917.4609,25679.7793,4078.637,5836.1001,24018.2598,10332.7998,17.83,76350.6719,85.0571,78.8237
2026-04-29,7135.9502,24673.2402,48861.8086,2739.47,3.59,4.065,4.418,4.987,106.88,4545.2002,71.569,5.8785,2.647,1471.99,9.2258,1724.36,159.552,1.1718,98.92,6690.8999,1220.26,,26111.8398,4107.5142,5816.48,23954.5605,10213.0996,18.81,75776.1328,84.3972,78.559
2026-04-30,7209.0098,24892.3105,49652.1406,2799.9099,3.585,4.023,4.39,4.987,105.07,4614.7002,73.534,5.926,2.767,1487.38,9.285,1736.6,160.184,1.1685,98.08,6598.8701,1192.35,59284.9219,25776.5293,4112.1592,5881.5098,24292.3809,10378.7998,16.89,76304.3203,84.3185,78.8041
2026-05-01,7230.1201,25114.4395,49499.2695,2812.8201,3.575,4.021,4.378,4.966,101.94,4629.8999,75.951,5.932,2.78,1474.01,9.3893,1727.91,156.978,1.1729,98.21,,,59513.1211,,,,,10363.9004,16.99,78179.0,84.6199,78.9017
2026-05-04,7200.75,25067.8008,48941.8984,2796.0,3.59,4.093,4.446,5.025,106.42,4519.5,73.072,5.795,2.867,1471.73,9.3827,1727.41,156.846,1.1727,98.47,6936.9902,1213.74,,26095.8809,,5763.6099,23991.2695,,18.29,79827.9062,83.9774,78.6454
2026-05-05,7259.2202,25326.1309,49298.25,2845.0,3.6,4.072,4.416,4.984,102.27,4555.7998,73.108,5.943,2.788,1476.05,9.3898,1725.15,157.194,1.1692,98.48,,,,25898.6094,,5869.6299,24401.6992,10219.0996,17.38,80927.0547,84.442,78.7637
2026-05-06,7365.1201,25838.9395,49910.5898,2886.77,3.6,4.002,4.356,4.943,95.08,4681.8999,76.811,6.1365,2.73,1473.96,9.3463,1727.37,157.677,1.1716,98.02,7384.5601,1210.17,,26213.7793,4160.1738,6027.1299,24918.6895,10438.7002,17.39,81427.5312,85.0845,79.0002
2026-05-07,7337.1099,25806.1992,49596.9688,2839.6299,3.598,4.044,4.392,4.969,94.81,4699.7998,79.701,6.1275,2.769,1444.45,9.2299,1697.04,156.508,1.1747,98.25,7490.0498,1199.1801,62833.8398,26626.2793,4180.0918,5972.6499,24663.6094,10277.0,17.08,80009.9922,84.6595,78.7046
2026-05-08,7398.9302,26247.0801,49609.1602,2861.21,3.595,4.013,4.364,4.947,95.42,4720.3999,80.395,6.249,2.757,1454.79,9.2756,1705.33,156.829,1.1732,97.84,7498.0,1207.72,62713.6484,26393.7109,4179.9531,5911.5298,24338.6309,10233.0996,17.19,80186.7656,85.0845,78.9805
2026-05-11,7412.8398,26274.1309,49704.4688,2870.6399,3.6,4.068,4.41,4.986,98.07,4718.7002,85.485,6.4135,2.91,1460.55,9.3102,1723.67,156.858,1.1769,97.94,7822.2402,1207.34,62417.8789,26406.8398,4225.021,5895.4502,24350.2793,10269.4004,18.38,81728.2969,84.5705,78.8228
2026-05-12,7400.96,26088.1992,49760.5586,2842.8301,3.603,4.124,4.463,5.031,102.18,4677.6001,85.13,6.485,2.843,1474.45,9.3711,1737.5,157.231,1.178,98.29,7643.1499,1179.29,62742.5703,26347.9102,4214.4888,5808.4502,23954.9297,10265.2998,17.99,80477.4922,84.0071,78.7144
2026-05-13,7444.25,26402.3398,49693.1992,2843.9299,3.6,4.13,4.481,5.047,101.02,4697.7002,88.888,6.6355,2.864,1492.99,9.4708,1750.42,157.671,1.1735,98.48,7844.0098,1176.9301,63272.1094,26388.4395,4242.5718,5861.0698,24136.8105,10325.4004,17.87,79277.1172,83.8193,78.7539
2026-05-14,7501.2402,26635.2207,50063.4609,2863.0901,3.588,4.121,4.461,5.012,101.17,4678.1001,84.912,6.5675,2.894,1489.84,9.4372,1743.55,157.851,1.1716,98.88,7981.4102,1191.09,62654.0508,26389.0391,4177.917,,24456.2598,10372.9004,17.26,81051.25,83.9379,78.6947
2026-05-15,7408.5,26225.1406,49526.1719,2793.3,3.588,4.258,4.595,5.128,105.42,4555.7998,77.161,6.2515,2.96,1493.34,9.4318,1740.22,158.382,1.1662,99.27,7493.1802,1129.8199,61409.2891,25962.7305,4135.3892,5827.7598,23950.5703,10195.4004,18.43,79065.6797,82.6925,78.3104
2026-05-18,7403.0498,26090.7305,49686.1211,2775.1001,3.568,4.28,4.623,5.147,108.66,4552.5,77.073,6.272,3.024,1497.15,9.4263,1737.86,158.844,1.1614,98.97,7516.04,1111.09,60815.9492,25675.1797,4131.5278,5849.0,24307.9199,10323.7998,17.82,76954.1719,82.5936,78.3892
2026-05-19,7353.6099,25870.7109,49363.8789,2747.0701,3.575,4.33,4.667,5.181,107.77,4506.2998,74.828,6.165,3.114,1492.3199,9.3903,1733.8101,158.861,1.1655,99.3,7271.6602,1084.36,60550.5898,25797.8496,4169.5381,5851.1602,24400.6504,10330.5996,18.06,76750.9062,82.0599,78.202
2026-05-20,7432.9702,26270.3594,50009.3516,2817.3701,3.557,4.225,4.572,5.116,98.26,4531.2998,75.851,6.2905,3.004,1507.85,9.4805,1748.02,159.035,1.1607,99.11,7208.9502,1056.0699,59804.4102,25651.1191,4162.1851,5976.0698,24737.2402,10432.2998,17.44,77457.7734,82.9396,78.7046
2026-05-21,7445.7202,26293.0996,50285.6602,2843.45,3.582,4.257,4.586,5.112,96.35,4539.7998,76.414,6.257,3.018,1499.77,9.4407,1738.48,158.888,1.1625,99.19,7815.5898,1105.97,61684.1406,25386.5195,4077.2771,5960.3198,24606.7695,10443.5,16.76,77539.1719,83.246,78.744
2026-05-22,7473.4702,26343.9707,50579.6992,2869.23,3.585,4.256,4.558,5.064,96.6,4521.0,75.893,6.342,2.907,1504.4,9.4555,1750.15,159.018,1.1621,99.32,7847.71,1161.13,63339.0703,25606.0293,4112.8989,6019.4502,24888.5605,10466.2998,16.7,75488.2422,83.7007,78.7539
2026-05-26,7519.1201,26656.1797,50461.6797,2920.54,3.582,4.183,4.493,5.026,93.89,4500.3999,76.305,6.361,2.894,1514.79,9.5294,1765.2,158.954,1.1637,99.17,8047.5098,1172.52,64996.0898,25599.4492,4145.373,6064.1499,25184.8906,10491.4004,17.01,75825.7344,84.1158,79.0199
2026-05-27,7520.3599,26674.7305,50644.2812,2919.9399,3.585,4.177,4.481,5.011,88.68,4447.5,74.599,6.305,3.04,1505.4399,9.4574,1753.01,159.243,1.1637,99.21,8228.7002,1133.13,64999.4102,25328.2305,4093.7271,6070.54,25177.8008,10505.0,16.29,74344.7031,84.3135,78.9707
2026-05-28,7563.6299,26917.4707,50668.9688,2936.5701,3.59,4.16,4.455,4.985,88.9,4499.2998,75.645,6.396,3.285,1503.11,9.4147,1743.16,159.568,1.1618,99.02,8185.29,1104.36,64693.1211,25006.1602,4098.6362,6055.1099,25092.25,10426.0,15.74,73536.5547,84.7484,79.0692
2026-05-29,7580.0601,26972.6191,51032.4609,2919.3401,3.588,4.149,4.453,4.993,87.36,4560.5,75.616,6.3595,3.29,1495.29,9.3831,1739.14,159.27,1.1653,98.91,8476.1504,1074.8,66329.5,25182.3906,4068.5691,6050.54,25104.6992,10409.2998,15.32,73372.5234,84.7682,79.1481
2026-06-01,7599.96,27086.8105,51078.8789,2905.76,3.62,4.186,4.475,4.991,92.16,4475.2002,75.007,6.524,3.179,1506.84,9.4554,1755.9,159.353,1.1649,99.2,8788.3799,1050.03,66934.3281,25398.1797,4057.74,6034.9502,25003.0391,10339.0,16.05,71319.7734,84.8138,79.0876
2026-06-02,7609.7798,27093.9004,51307.7891,2931.96,3.618,4.177,4.455,4.967,93.76,4489.1001,75.311,6.6495,3.167,1511.27,9.4658,1757.34,159.636,1.1635,99.22,8801.4902,1026.03,66734.2422,26038.3203,4075.1021,6107.8501,25124.1699,10373.5,15.77,66703.6562,84.9925,79.1471
2026-06-03,7553.6802,26853.9805,50687.0703,2893.51,3.623,4.214,4.491,4.99,96.02,4436.7002,73.476,6.481,3.214,1516.6,9.4805,1760.05,159.968,1.1622,99.53,,,68402.1328,25633.2109,4083.9741,6053.5698,24795.9395,10332.2998,16.06,64014.3672,84.6551,78.9291
2026-06-04,7584.3101,26830.9609,51561.9297,2935.3301,3.62,4.188,4.477,4.978,93.04,4475.7998,73.779,6.511,3.336,1530.11,9.5656,1776.74,159.94,1.1609,99.41,8639.4102,1049.73,67470.6875,25253.4004,4057.781,6103.3301,24944.9492,10360.2998,15.4,63801.5742,84.8436,79.0777
2026-06-05,7383.7402,25709.4297,50866.7812,2833.5,3.625,4.28,4.536,4.999,90.54,4337.1001,68.943,6.2635,3.229,1533.0699,9.5799,1778.12,159.99,1.1613,100.07,8160.5898,1002.44,66588.1172,24961.9492,4027.7361,6062.0698,24759.0508,10368.0996,21.51,60922.668,84.407,78.6815
2026-06-08,7405.73,25929.6602,50786.0117,2855.4199,3.628,4.281,4.552,5.024,91.3,4335.8999,68.425,6.3295,3.147,1554.48,9.6932,1807.42,160.327,1.1523,100.05,7484.4102,911.39,64024.6016,24657.0605,3959.3379,6062.29,24616.2207,10373.2002,18.92,63090.5898,83.9704,78.7905
2026-06-09,7386.6499,25678.8203,50872.1094,2867.02,3.635,4.253,4.528,5.011,88.2,4260.0,65.094,6.3025,3.14,1528.88,9.5426,1759.71,160.174,1.1528,99.91,8096.9302,967.81,65416.6289,24565.9004,4010.031,6049.7402,24433.0605,10227.2998,19.87,61643.7812,84.4665,78.8697
2026-06-10,7266.9902,25169.5,49918.7812,2835.46,3.635,4.264,4.542,5.025,90.03,4108.2002,64.599,6.249,3.185,1525.8101,9.513,1761.1,160.384,1.1535,99.95,7730.8198,951.63,64179.2695,24407.9609,3993.2261,6009.9502,24195.3105,10254.7998,22.22,61449.2891,84.2284,78.7211
2026-06-11,7394.2998,25809.6602,50848.75,2921.03,3.623,4.19,4.463,4.951,87.71,4090.3,63.885,6.259,3.087,1525.05,9.4998,1751.95,160.527,1.1536,99.86,7763.9502,996.93,64217.2695,24249.2891,3987.0149,6056.96,24209.7109,10303.9004,19.44,63561.0547,85.3199,79.1867
2026-06-12,7431.46,25888.8398,51202.2617,2943.99,3.618,4.213,4.487,4.975,84.88,4215.0,67.859,6.4305,3.12,1517.38,9.4786,1754.26,160.13,1.1576,99.75,8123.6201,1029.05,66020.0391,24718.0996,4031.5129,6187.6299,24635.3008,10471.7002,17.68,63543.1992,85.1115,79.1867
2026-06-15,7554.29,26683.9395,51671.0312,2965.0901,3.618,4.188,4.469,4.971,80.75,4328.0,70.066,6.4825,3.147,1509.5,9.4368,1754.61,159.955,1.1603,99.63,8545.9805,1034.03,69317.5,24842.6699,4096.4722,6229.4302,24894.0098,10430.5996,16.2,66289.5,85.0619,79.2858
2026-06-16,7511.3501,26376.3398,51999.6719,2939.2,3.63,4.151,4.428,4.928,76.05,4330.8999,69.899,6.489,3.239,1513.3101,9.43,1753.9301,160.229,1.1594,99.54,8726.5996,1018.68,69404.5,24493.9492,4091.8921,6257.4199,24910.4102,10494.2002,16.41,65600.6406,85.5283,79.2758
2026-06-17,7420.1001,26021.6602,51492.5508,2917.98,3.647,4.229,4.463,4.926,76.79,4358.8999,70.696,6.4815,3.145,1510.96,9.4184,1755.65,160.419,1.161,100.09,8864.2402,1031.96,69902.25,24312.1602,4108.0762,6300.0698,24934.6699,10508.5996,18.44,64418.4453,85.6672,78.9787
2026-06-18,7500.5801,26517.9297,51564.6992,2979.77,3.658,4.225,4.451,4.901,76.6,4224.1001,66.255,6.3745,3.233,1525.42,9.4999,1755.9,160.6,1.1507,100.85,9063.8398,1000.93,71053.4922,23924.8105,4090.481,6323.27,25026.8008,10399.7002,16.4,62896.4727,86.084,79.256
2026-06-22,7472.79,26166.5996,51712.7109,3004.3999,3.68,4.287,4.509,4.947,74.82,4181.8999,65.527,6.3565,3.253,1531.33,9.4854,1703.52,161.433,1.1463,101.02,9114.5498,968.4,72353.9609,23768.5195,4163.0972,6311.3198,25139.6895,10437.9004,17.28,63952.1055,85.4291,79.1867
2026-06-23,7365.46,25587.0391,51666.8398,2975.48,3.69,4.261,4.493,4.94,73.21,4129.8999,62.02,6.141,3.147,1539.05,9.5248,1752.54,161.57,1.1427,101.41,8203.8398,891.52,69788.3828,23336.2793,4106.251,6230.5498,24893.5801,10428.9004,19.49,62668.0195,85.5382,79.1174
2026-06-24,7358.2202,25476.6406,51848.8984,2986.6299,3.69,4.176,4.402,4.856,70.34,3990.3,58.052,5.943,3.221,1535.25,9.5005,1740.5699,161.599,1.138,101.61,8471.0195,909.31,69174.9688,23412.1797,4110.813,6214.7002,24740.3594,10461.5996,18.63,60995.1328,86.7092,79.0975
2026-06-25,7357.4902,25358.5996,51920.6211,3007.8601,3.68,4.163,4.392,4.858,71.92,4030.5,58.348,6.0705,3.343,1542.76,9.5377,1747.22,161.763,1.1354,101.43,8930.2998,887.81,72366.3438,23076.9102,4120.2808,6267.5298,24994.8301,10529.9004,18.89,59721.6758,86.6794,79.1273
2026-06-26,7354.02,25297.6191,51876.1094,3010.0801,3.663,4.13,4.372,4.864,69.23,4078.7,59.217,6.1415,3.231,1546.48,9.5569,1754.1801,161.805,1.1362,101.36,8411.21,851.37,69360.8828,22671.8594,4027.2649,6221.5498,24671.2207,10508.0,18.41,60016.4297,86.6893,79.0777
2026-06-29,7440.4302,25820.1406,52182.7383,3010.4199,3.68,4.144,4.374,4.86,70.75,4022.3,58.175,6.0975,3.181,1535.24,9.4853,1746.09,161.787,1.1386,101.11,8394.6504,920.57,69468.1094,23026.6797,4073.9021,6231.6299,24626.8906,10484.2002,17.65,60138.3789,86.7786,79.256
2026-06-30,7499.3599,26213.7207,52319.1992,3024.3701,3.732,4.186,4.418,4.902,69.5,4022.8999,59.477,6.1925,3.275,1541.73,9.5205,1760.27,161.923,1.1422,101.19,8476.4805,916.18,70062.3203,22881.0195,4094.397,6328.0898,24995.8105,10497.0996,16.45,58558.8594,85.7565,79.2164
2026-07-01,7483.23,26040.0293,52305.2383,3012.5901,3.7,4.232,4.475,4.966,68.58,4068.3,60.085,6.1235,3.22,1548.61,9.5215,1763.6801,162.628,1.1413,101.39,8303.4102,929.35,70474.9609,,4112.4448,6282.5,25040.2793,10478.2998,16.59,60003.7578,85.1769,79.2055
2026-07-02,7483.2402,25832.6699,52900.0703,2996.1101,3.668,4.23,4.485,4.985,68.69,4112.7002,60.643,6.1145,3.196,1551.8101,9.5536,1765.89,162.539,1.1378,100.86,7648.0898,866.72,68733.1484,23055.0293,4028.9041,6360.4702,25580.8809,10652.9004,16.15,61485.3008,85.1669,79.3249
2026-07-06,7537.4302,26121.1602,53055.9102,3009.54,3.69,4.211,4.479,4.993,68.55,4155.1001,61.92,6.178,3.245,1531.0,9.4778,1746.86,161.452,1.1438,100.85,8051.3301,847.07,69737.6875,23616.3203,4041.238,6398.0098,25817.8906,10651.7998,15.57,63995.0156,85.1072,79.4841
2026-07-07,7503.8501,25818.6895,52925.1484,2982.49,3.725,4.257,4.529,5.043,70.44,4145.2998,60.931,6.1715,3.265,1528.76,9.4284,1748.3101,162.088,1.1442,101.14,7656.3101,831.23,68256.9609,23496.8906,3990.2351,6319.8599,25465.25,10665.9004,16.13,63297.3945,84.2108,79.3746
2026-07-08,7482.71,25870.6504,52348.3906,2956.3899,3.723,4.308,4.569,5.065,73.52,4070.8999,58.164,6.0545,3.212,1519.86,9.3623,1726.58,162.363,1.1404,101.05,7246.79,785.0,66819.0469,24199.4609,3970.8799,6204.9102,24897.4492,10489.0,16.9,62257.5742,84.0215,79.2751
2026-07-09,7543.6401,26206.8906,52487.4102,2992.54,3.682,4.269,4.539,5.053,72.08,4130.6001,60.378,6.215,3.012,1503.35,9.2495,1717.23,162.539,1.1422,100.94,7291.9102,794.0,67743.8516,24030.1797,4036.5879,6284.27,25118.2695,10472.5,15.84,63193.1484,84.151,79.3647
2026-07-10,7575.3901,26281.6094,52637.0117,2977.8101,3.695,4.308,4.569,5.071,71.41,4104.1001,59.809,6.2335,2.94,1505.91,9.2749,1720.08,162.363,1.1433,100.97,7475.9399,837.43,68557.7266,24175.1191,3996.1621,6269.9702,25067.0898,10497.2998,15.03,64127.1406,84.1311,79.3249
2026-07-13,7515.3398,25873.1797,52498.6406,2953.1699,3.728,4.363,4.609,5.098,78.14,3997.0,57.634,6.233,2.897,1498.48,9.2572,1669.09,161.878,1.1404,101.28,6806.9302,799.36,67242.7266,24213.7207,3913.7939,6271.02,25114.25,10498.2998,17.16,62239.1211,83.6331,79.1358
2026-07-14,7543.5898,26107.0098,52508.2695,2964.76,3.7,4.321,4.585,5.094,79.34,4061.1001,58.772,6.33,2.904,1497.7,9.2203,1703.85,162.429,1.1384,100.94,6856.8301,783.98,67743.5,24340.7305,3967.126,6280.1899,25147.0293,10529.4004,16.5,64956.1133,83.7427,79.295
2026-07-15,7572.3999,26269.2305,52658.6406,2976.26,3.688,4.255,4.545,5.083,79.6,4044.0,57.11,6.2935,2.924,1487.88,9.1756,1698.0,162.187,1.1425,100.5,7284.4102,829.43,68751.5078,24681.0996,3955.5779,6265.5801,24999.5293,10515.9004,15.67,64712.375,83.902,79.4244
2026-07-16,7533.77,25881.9492,52552.9688,2974.5701,3.697,4.282,4.569,5.098,78.95,3985.6001,55.898,6.296,2.858,1486.2,9.1721,1707.87,162.072,1.147,100.73,6820.6001,791.84,66835.5391,25008.5996,3882.4131,6283.6099,24915.4902,10572.2002,16.73,63789.2812,83.8721,79.4145
2026-07-17,7457.6899,25520.2402,52146.4219,2962.22,3.707,4.273,4.541,5.064,82.49,4012.7,56.038,6.22,2.911,1478.85,9.1064,1692.64,162.376,1.1445,100.75,,,64141.1211,24562.2402,3764.155,6230.8701,24830.9805,10600.4004,18.77,63899.4609,84.1809,79.2652
2026-07-20,7443.2798,25508.0703,51839.2617,2942.4299,3.705,4.328,4.598,5.118,83.23,4010.3,56.802,6.299,2.86,1487.39,9.1519,1700.58,162.512,1.1428,100.99,6516.27,749.64,,25143.0508,3796.281,6227.3999,24846.6895,10524.7998,18.65,65230.0273,83.5534,79.295
2026-07-21,7509.2002,25837.2109,52224.6406,2987.3999,3.73,4.37,4.628,5.13,84.91,4071.1001,58.835,6.511,2.865,1475.01,9.0775,1683.36,162.487,1.1418,101.18,6747.9502,753.34,66232.1875,25132.2891,3864.3669,6285.6299,25011.3496,10585.9004,17.05,66505.125,83.3243,79.2652
2026-07-22,7498.96,25690.9004,52218.5781,2959.9399,3.745,4.407,4.657,5.147,86.83,4146.8999,60.019,6.451,2.925,1479.72,9.0675,1687.03,163.186,1.1404,101.14,6797.7002,751.09,66115.6016,24892.6602,3867.0339,6316.9902,25155.4102,10717.0,16.64,66100.7969,83.1052,79.1358
2026-07-23,7408.2998,25137.6895,51711.6484,2940.1599,3.8,4.461,4.703,5.171,92.19,4046.6001,57.798,6.305,2.916,1475.63,9.0475,1683.6,163.081,1.1412,101.43,7096.8901,790.28,66422.6016,25210.8105,3876.7771,6210.1699,24763.1191,10639.2002,18.7,65044.8125,82.8363,78.8472
2026-07-24,7411.98,24975.8203,51947.25,2930.0,3.805,4.426,4.679,5.162,89.31,4067.6001,58.656,6.32,2.871,1474.04,8.9971,1676.49,163.832,1.1377,101.47,6690.6201,748.22,64611.1484,24963.2305,3814.198,6280.9399,25099.0,10736.2002,18.58,64098.4961,82.916,78.8472
2026-07-27,7413.1802,24932.0801,52210.0781,2948.04,3.797,4.397,4.641,5.125,82.61,4074.5,58.472,6.339,2.767,1458.01,8.9109,1657.74,163.611,1.1395,101.51,6755.75,764.86,64931.1914,25207.1797,3858.2451,6282.21,25361.0293,10781.7998,18.67,63724.8984,83.414,78.887
2026-07-28,7428.7798,24876.9102,52747.3203,2953.8,3.76,4.361,4.604,5.096,79.26,4036.3,57.296,6.322,2.662,1464.4399,8.9416,1665.16,163.771,1.1369,101.38,6023.6602,705.85,62364.9219,25310.8496,3813.3149,6289.5098,25464.0098,10871.0,18.21,63871.3633,83.902,79.0363
2026-07-29,7316.1499,24442.9395,51594.1406,2906.3101,3.658,4.352,4.622,5.143,84.46,4034.7,57.863,6.2735,2.725,1453.16,8.8679,1654.4301,163.864,1.1387,100.8,5663.2402,662.68,61434.1914,25807.9199,3828.469,6248.8398,25460.4805,10908.4004,20.66,63908.168,82.5176,78.8572
2026-07-30,7437.6299,25122.1797,52208.0586,2946.1001,3.675,4.375,4.663,5.208,83.59,4100.1001,58.815,6.4445,2.758,1442.28,8.8313,1652.79,163.3,1.1467,100.01,5593.5601,644.78,61867.4297,25858.8809,3804.6931,6344.3999,25612.0293,10897.2998,17.09,64725.3086,82.4678,79.086
2026-07-31,7489.7202,25373.8496,52485.0312,2931.3401,3.682,4.46,4.745,5.275,84.67,4049.1001,57.591,6.436,2.747,1420.6,8.8678,1636.6801,160.183,1.1524,99.8,6595.4502,719.76,64362.0195,25884.4297,3832.262,6358.0098,25629.2402,10868.0996,15.99,62813.7461,81.92,79.096
2026-08-03,7600.5,25913.9004,53178.4102,2981.9099,3.7,4.4,4.686,5.231,80.34,4033.7,57.667,6.514,2.781,1435.7,9.1086,1663.51,157.582,1.1544,99.96,6257.4502,737.35,63754.8984,26009.4004,3809.6631,6426.5,26001.3105,10857.7002,15.86,63460.8984,82.19,79.31
2026-08-04,7736.52,26584.9902,54085.8789,3036.98,3.73,4.333,4.627,5.19,75.77,4095.3999,60.056,6.6185,2.682,1428.5,9.0669,1643.36,157.529,1.1507,99.89,6358.9502,780.72,63957.5312,25852.9199,3822.2849,6486.7002,26202.3496,10879.4004,16.5,64055.9531,82.82,79.55
2026-08-05,7723.5498,26363.4395,54349.1211,3019.1899,3.725,4.324,4.617,5.174,75.22,4245.7998,62.099,6.703,2.688,1428.4301,9.0569,1647.17,157.692,1.1532,99.69,6598.2598,799.59,66300.4375,25915.8203,3878.4299,6476.98,26126.3008,10888.2998,15.81,64597.5,83.0,79.52
2026-08-06,7709.96,26348.3496,53885.1016,3001.55,3.732,4.389,4.67,5.213,77.29,4242.0,61.439,6.687,2.64,1421.16,9.0155,1642.01,157.6,1.1557,99.97,6296.3799,801.67,65683.2578,25530.2793,3900.3521,6502.5601,26140.1309,10867.9004,15.15,64262.1133,82.52,79.46
2026-08-07,7757.6401,26690.6191,54036.9297,3034.49,3.71,4.362,4.66,5.211,78.18,4340.7002,63.332,6.5705,2.662,1422.3,8.979,1638.8199,158.409,1.1525,99.6,6258.77,798.81,65606.7109,25668.0293,3940.0371,6523.8599,26319.4492,10901.0996,14.9,64880.1914,82.76,79.61
2026-08-10,7753.1099,26605.3594,53975.9805,3017.3999,3.718,4.405,4.699,5.243,82.13,4361.7998,65.106,6.5945,2.794,1407.0,8.9119,1618.62,157.891,1.1556,99.81,6299.6602,854.47,66970.2188,25937.4902,3966.594,6535.6201,26323.8809,10862.5,15.46,63910.5859,82.06,79.48
2026-08-11,7728.2002,26445.4492,53791.8516,3027.1201,3.73,4.385,4.684,5.236,83.2,4383.0,64.769,6.612,2.767,1417.3101,8.9049,1635.36,159.156,1.1546,99.82,6345.5298,857.84,,25652.8203,3934.093,6551.2202,26391.4199,10844.2002,15.28,63551.875,82.19,79.51
2026-08-12,7748.5,26588.4902,53770.2695,3045.48,3.707,4.375,4.682,5.247,83.27,4408.8999,65.555,6.597,2.804,1412.1801,8.8664,1628.62,159.265,1.1544,100.01,6579.04,858.91,67524.0625,25440.1699,3946.675,6533.9902,26331.0703,10833.2002,14.55,63402.4336,82.11,79.61
2026-08-13,7798.9902,26803.0293,53839.9883,3052.8501,3.705,4.313,4.641,5.213,81.25,4363.6001,64.873,6.5925,2.727,1416.46,8.8888,1632.86,159.328,1.153,99.96,6813.3398,861.37,68308.5938,25396.5098,3926.9651,6545.4702,26299.7402,10772.7002,14.63,63402.1719,82.59,79.79
2026-08-14,7785.7598,26729.1602,53732.4102,3068.4199,3.697,4.362,4.696,5.265,82.4,4380.3999,64.988,6.5995,2.733,1416.85,8.8868,1634.1899,159.426,1.1535,99.67,6977.9399,864.65,68713.7969,25116.8496,3927.177,6539.5898,26440.3105,10750.0996,14.25,62975.5938,82.04,79.71
2026-08-17,7745.0601,26644.9102,53459.7812,3057.54,3.703,4.376,4.724,5.309,84.5,4417.7998,66.121,6.604,2.69,1415.37,8.8891,1582.09,159.223,1.1574,99.64,,,69220.25,25453.2305,3982.6541,6530.4502,26338.6094,10720.2998,15.19,64506.2539,81.35,79.61
2026-08-18,7691.7598,26289.7109,53343.3984,3017.8899,3.705,4.367,4.706,5.285,84.94,4366.0,63.941,6.4825,2.776,1414.73,8.8791,1638.16,159.34,1.1583,99.65,6869.8301,834.2,67460.7266,25471.1504,3990.304,6468.1699,26128.3594,10728.0,15.84,64680.7109,81.66,79.53
2026-08-19,7707.98,26331.0898,53463.0508,3032.9399,3.7,4.353,4.653,5.194,85.83,4489.3999,65.734,6.4875,2.814,1413.58,8.8589,1634.92,159.55,1.1579,98.83,6471.1699,824.46,65326.4219,25495.0703,3894.4221,6444.46,26091.3301,10743.4004,14.89,69266.1875,83.02,79.71
2026-08-20,7641.1602,26067.1699,52759.2109,2992.4299,3.703,4.387,4.696,5.237,87.83,4516.2998,68.026,6.46,2.733,1389.4,8.7782,1620.23,158.276,1.1674,98.9,6852.5801,840.89,66216.7891,25698.4902,3903.7209,6422.0601,25983.0391,10748.2002,16.01,73032.7578,82.34,79.56
2026-08-21,7674.3701,26180.4609,53277.0117,3017.8701,3.71,4.424,4.738,5.276,87.06,4624.1001,69.466,6.5795,2.773,1390.79,8.7546,1626.37,158.883,1.1688,98.8,6912.9502,801.94,66016.3594,26009.4609,3905.2029,6462.2202,26136.5605,10816.5996,15.13,78335.1875,82.05,79.61
2026-08-24,7652.8599,25980.1895,53417.1602,2995.0801,3.703,4.408,4.704,5.231,85.01,4640.7998,68.541,6.599,2.782,1384.98,8.7149,1616.97,158.904,1.1682,99.0,6696.96,813.33,65528.0898,25517.3301,3882.0081,6447.98,26106.5996,10854.2998,15.85,78964.4844,82.56,79.7
2026-08-25,7677.2798,26151.3008,53577.3984,3010.02,3.705,4.351,4.639,5.174,82.36,4638.1001,68.636,6.7095,2.77,1380.76,8.6766,1610.77,159.139,1.1668,98.92,6742.7402,827.15,65856.4297,25511.0996,3889.4451,6455.6299,26266.1406,10886.2002,15.45,78564.9766,83.47,79.92
2026-08-26,7675.7002,26130.1992,53463.8789,3005.8999,3.69,4.381,4.664,5.186,82.23,4598.2002,67.99,6.5945,2.842,1381.49,8.6717,1611.99,159.223,1.1675,99.17,6808.21,826.87,66262.1562,25652.9707,3912.5229,6470.7402,26285.9609,10878.0996,15.21,79027.4219,83.3,79.9
